Customer,Occta ref,Method,Amount due £,Due date,Last payment received,Seen in,Status,Balance outstanding £,Next action,AccessPay status,Occta mandate status,Last DD date,Last DD amount £,Last DD result,Failure treatment,Next DD date,Next DD amount £,Bank payments,Matched payout,Invoice balance £,Invoice state,Occta recorded,Occta method,Payer name,Bank payer name,Name aliases,Balance kind,Invoiced £,Uninvoiced £,Cases,Notes
Olivia Example,OCC10000001,DD,40.00,1 Oct 2026,None,,Overdue,120.00,Invoice the uninvoiced months,Active,Active,,,,,1 Nov 2026,40.00,,,40.00,issued,yes,DD,,,,opening includes uninvoiced,40.00,80.00,opening_balance_uninvoiced,"Full from opening, including uninvoiced months"
Sam Example,OCC10000002,DD,30.00,10 Oct 2026,None,,Cancelled mandate / Overdue,30.00,Occta still shows the mandate as active,Cancelled ADDACS,Active,,,ADDACS cancelled,,,,,,30.00,issued,yes,DD,,,,,,,mandate_cancelled_occta_active,Mandate cancelled at AccessPay
Riley Example,OCC10000003,DD,25.00,8 Oct 2026,None,,Failed (retries exhausted),25.00,Do not add the failed attempt again,Active,Active,8 Oct 2026,25.00,ARUDD 0 - Refer to payer,existing charge,8 Nov 2026,25.00,,,25.00,issued,yes,DD,,,,,,,failed_attempt_existing_charge,The failed collection is the existing charge
Jordan Example,OCC10000004,Bank transfer,15.00,,2 Oct 2026 £15.00,Bank,Paid,0,Record the bank receipt in Occta,,,,,,,,,,,,none,no,,,,,,,,bank_receipt_not_in_occta,Receipt was never recorded in Occta
Taylor Example,OCC10000005,Bank transfer,22.00,,3 Oct 2026 £22.00,Bank,Paid,0,Relabel the card payment as a transfer,,,,,,,,,,,0,paid,yes,card,,,,,,,mislabeled_card_was_transfer,Occta labelled this receipt as a card payment
Northwind Workshops,,DD,50.00,1 Nov 2026,None,AccessPay,Pending,0,Create an Occta customer before chasing,Active,,,,,,1 Nov 2026,50.00,,,,none,,,,,,,,,accesspay_only_no_occta_record,Business DD exists only in AccessPay
Casey Example,OCC10000006,DD,18.00,Invoice still draft,None,,Overdue (invoice not issued),18.00,Mark the draft invoice due without sending an email,Active,Active,,,,,15 Nov 2026,18.00,,,18.00,draft,yes,DD,,,,,,,draft_invoice_mark_due_no_email,Do not email the customer
Unidentified sample,,Bank transfer,,,6 Jul 2026 £12.00,Bank,Unallocated,,Identify the payer; there is no matching invoice,,,,,,,,,,,,none,no,,,,,,,,unallocated_no_invoice,No invoice to allocate
Nina Example,OCC10000007,Bank transfer,20.00,1 Nov 2026,5 Oct 2026 £20.00,Bank,Paid,0,Allocate the receipt to the personal account,Active,,,,,,1 Nov 2026,20.00,5 Oct 2026 £20.00,,0,paid,yes,Bank transfer,Harmonic Spa,HAIRMONIC HEAD SPA,HAIRMONIC HEAD SPA,,,,,Personal name differs from the business payer
Sample Civic Hall,,Bank transfer,40.00,,1 Sep 2026 £40.00,Bank,genuine_unmatched,0,Genuine business receipt with no Occta customer,,,,,,,,,,,,,,,,,,,,,genuine_unmatched,Not a discrepancy
